<?xml version="1.0" encoding="UTF-8" standalone="no"?>
<qnx>
<initialWindow>
	<systemChrome>none</systemChrome>
	<transparent>true</transparent>
</initialWindow>

<buildId>2</buildId>
<author>Alex Wilson</author>
<publisher>Alex Wilson</publisher>
<category>core.games</category>

<icon>
	<image>icon.png</image>
</icon>

<!-- These environment variables hide the browser context menu -->
<env value="false" var="WEBKIT_TABS_SUPPORTED"/>
<env value="false" var="WEBKIT_CONTEXT_MENU_SUPPORTED"/>
<env value="false" var="WEBKIT_SELECTION_SUPPORTED"/>

<!-- Explicitly set the Webkit graphics buffer to reduce memory usage. Will be reduced post-rtm to 3 or 0. -->
<env value="6" var="WEBKIT_NUMBER_OF_BACKINGSTORE_TILES"/>

</qnx>
